,query_key,k,similarity
0,avatars___20210810--1306--FXN596,0,0.015288174152374268
1,avatars___20210817--0900--NRE683,0,0.012766420841217041
2,avatars___20210818--1332--CDR970,0,0.0024645328521728516
3,avatars___20210819--0903--DOT682,0,0.011325061321258545
4,avatars___20210827--0906--KDA058,0,0.0039536356925964355
5,avatars___20210831--0815--XJT672,0,0.0015178322792053223
6,avatars___20210901--0833--LAS440,0,0.007494568824768066
7,avatars___20210902--0817--IFG774,0,0.0005513429641723633
8,avatars___20210922--0839--UHV563,0,0.005268871784210205
9,avatars___20210928--0843--PAK800,0,0.02632838487625122
10,avatars___20210929--0827--MCR809,0,0.0006648898124694824
11,avatars___20210929--1334--SKB942,0,0.0028382539749145508
12,avatars___20211001--0855--KJJ701,0,0.004097104072570801
13,avatars___20211001--1304--XMY093,0,0.00530850887298584
14,avatars___20211006--0836--EID363,0,0.0008723735809326172
15,avatars___20220114--0820--JZE802,0,0.000746607780456543
16,avatars___20220202--0844--THN461,0,0.00025659799575805664
17,avatars___20220214--0846--HOS732,0,0.0002053380012512207
18,avatars___20220215--0801--ONK705,0,0.029798030853271484
19,avatars___20220216--1324--ZSE894,0,0.025209367275238037
20,avatars___20220218--0839--XIT043,0,0.0010518431663513184
21,avatars___20220303--1247--TAY503,0,0.0005717277526855469
22,avatars___20220304--1320--NNQ107,0,0.0016568899154663086
23,avatars___20220307--1342--RGA575,0,0.0007901191711425781
24,avatars___20220310--1128--ZSC414,0,0.002049684524536133
25,avatars___20220310--1336--XRZ540,0,0.006075918674468994
26,avatars___20220311--1115--NFU480,0,0.00037211179733276367
27,avatars___20220314--1116--KMD200,0,0.0003465414047241211
28,avatars___20220315--0818--HDZ165,0,0.007159292697906494
29,avatars___20220315--1053--FWC239,0,0.000854790210723877
30,avatars___20220401--0841--PHT202,0,0.010174155235290527
31,avatars___20220406--1314--PGO261,0,0.0064775943756103516
32,avatars___20220407--0816--OYQ923,0,0.0008047819137573242
33,avatars___20220412--1326--BGR645,0,0.00026100873947143555
34,avatars___20220426--1126--SCG995,0,0.0021053552627563477
35,avatars___20220510--0837--WFU321,0,0.0004965066909790039
36,avatars___20220510--1051--OZZ515,0,0.0029183030128479004
37,avatars___20220610--0901--TRP396,0,0.00025212764739990234
38,avatars___20220614--1135--DNM410,0,0.020747900009155273
39,avatars___20220627--0812--BPM833,0,0.00743710994720459
40,avatars___20220705--1055--JPG686,0,0.009271383285522461
41,avatars___20220711--1048--UGU718,0,0.006535947322845459
42,avatars___20220711--1300--BHC106,0,0.005925893783569336
43,avatars___20220712--1040--JEH262,0,0.00019663572311401367
44,avatars___20220714--1031--NAB660,0,0.0069727301597595215
45,avatars___20220726--1314--HNU630,0,0.00040858983993530273
46,avatars___20220727--1059--TMA321,0,0.001003265380859375
47,avatars___20220802--0838--IDD857,0,0.0045130252838134766
48,avatars___20220805--1649--NCU289,0,0.009403467178344727
49,avatars___20220808--0809--DPE040,0,0.0015453100204467773
50,avatars___20220808--1036--IBX730,0,0.000882267951965332
51,avatars___20220809--1034--BJM420,0,0.00013768672943115234
52,avatars___20220809--1321--UTC375,0,0.030750811100006104
53,avatars___20220811--1704--HAZ933,0,0.006058454513549805
54,avatars___20220812--1031--KVG225,0,0.0002632737159729004
55,avatars___20220815--0815--GZL442,0,0.0007314085960388184
56,avatars___20220815--1041--FZC097,0,0.00034230947494506836
57,avatars___20220815--1307--BMP511,0,0.0008970499038696289
58,avatars___20220815--1656--MOP211,0,0.007113039493560791
59,avatars___20220818--1304--VCN655,0,0.0008338093757629395
60,avatars___20220818--1653--SSF476,0,0.00010341405868530273
61,avatars___20220819--0803--BUS250,0,0.0003376603126525879
62,avatars___20220819--1313--NYY338,0,0.00017404556274414062
63,avatars___20220824--0804--GTU803,0,0.00039821863174438477
64,avatars___20220829--0836--KSA222,0,0.00040590763092041016
65,avatars___20220830--1711--JZN879,0,0.009805858135223389
66,avatars___20220831--0751--CMS162,0,9.685754776000977e-05
67,avatars___20220831--1047--ZUS575,0,0.0014134049415588379
68,avatars___20220901--1305--LNP057,0,0.0042915940284729
69,avatars___20221213--1425--VBY735,0,0.023417234420776367
70,avatars___20230106--1047--QCW581,0,0.0049550533294677734
71,avatars___20230109--1327--NFS933,0,5.662441253662109e-06
72,avatars___20230124--1415--KKF424,0,0.000618278980255127
73,avatars___20230131--1229--WBX393,0,0.0003558993339538574
74,avatars___20230206--1354--MFS340,0,0.005473434925079346
75,avatars___20230207--1619--DTW301,0,0.00010448694229125977
76,avatars___20230213--0817--KGV285,0,0.0005199909210205078
77,avatars___20230222--1639--KYL945,0,0.0010388493537902832
78,avatars___20230224--1102--UPC002,0,0.0003813505172729492
79,avatars___20230224--1359--CMZ386,0,0.0019866228103637695
80,avatars___20230227--1052--TXE513,0,0.0001386404037475586
81,avatars___20230227--1659--TRT983,0,0.0006142854690551758
82,avatars___20230228--1358--HUJ848,0,5.2034854888916016e-05
83,avatars___20230301--1646--VNS883,0,0.0013600587844848633
84,avatars___20230302--0808--SEI058,0,0.00019919872283935547
85,avatars___20230302--1343--UWK768,0,1.2755393981933594e-05
86,avatars___20230302--1654--LVY864,0,0.003987908363342285
87,avatars___20230303--0802--EFQ599,0,0.0010755062103271484
88,avatars___20230303--1634--ZKN852,0,0.0015148520469665527
89,avatars___20230306--0812--CYQ521,0,0.0024579763412475586
90,avatars___20230306--1402--IXG477,0,0.0005058050155639648
91,avatars___20230307--0805--FQC133,0,3.0934810638427734e-05
92,avatars___20230307--1648--KUG325,0,0.0015045404434204102
93,avatars___20230308--1352--BDF920,0,0.0004451870918273926
94,avatars___20230308--1639--IKB041,0,0.0006318092346191406
95,avatars___20230309--0820--CPA784,0,0.031569480895996094
96,avatars___20230309--1343--RIM072,0,0.0002663135528564453
97,avatars___20230310--1106--FCT871,0,0.00015246868133544922
98,avatars___20230313--0819--GCZ208,0,9.685754776000977e-05
99,avatars___20230313--1653--RHL466,0,0.00018268823623657227
100,avatars___20230314--1632--PFN770,0,0.0088653564453125
101,avatars___20230315--0816--TEA904,0,0.00041353702545166016
102,avatars___20230315--1638--UIS049,0,2.3305416107177734e-05
103,avatars___20230316--1103--BHK376,0,0.0006954073905944824
104,avatars___20230316--1356--GXR876,0,0.0031771063804626465
105,avatars___20230317--1054--GBQ558,0,0.00042766332626342773
106,avatars___20230317--1648--ONK818,0,3.647804260253906e-05
107,avatars___20230320--0810--ZJN985,0,9.357929229736328e-05
108,avatars___20230322--0820--QHY185,0,0.0005792379379272461
109,avatars___20230322--1706--IBQ026,0,0.0017006993293762207
110,avatars___20230323--1044--HRO745,0,0.0005868673324584961
111,avatars___20230323--1348--ZQK191,0,7.486343383789062e-05
112,avatars___20230323--1656--MZL038,0,0.000586390495300293
113,avatars___20230324--0820--AEY864,0,0.06503176689147949
114,avatars___20230324--1118--ZZS850,0,3.886222839355469e-05
115,avatars___20230324--1647--YWZ007,0,0.006005585193634033
116,avatars___20230327--1036--RSC756,0,0.010064244270324707
117,avatars___20230328--0800--BLY735,0,0.06556665897369385
118,avatars___20230328--1214--IEY203,0,4.7087669372558594e-05
119,avatars___20230330--0823--LMT312,0,0.00027930736541748047
120,avatars___20230330--1421--UCD539,0,0.003923952579498291
121,avatars___20230403--1022--RWS274,0,0.011069178581237793
122,avatars___20230404--0804--GJI283,0,0.00926584005355835
123,avatars___20230404--1217--DED409,0,0.0003574490547180176
124,avatars___20230405--1213--NWM763,0,0.0030428171157836914
125,avatars___20230405--1635--AAN112,0,0.002243518829345703
126,avatars___20230406--1655--IEM175,0,0.00014531612396240234
127,avatars___20230407--1229--UMQ592,0,3.93986701965332e-05
128,avatars___20230410--0805--TWP078,0,0.0046120285987854
129,avatars___20230410--1017--GVM433,0,0.00018101930618286133
130,avatars___20230410--1641--ENU192,0,0.0026445984840393066
131,avatars___20230412--1218--LCJ763,0,1.1205673217773438e-05
132,avatars___20230413--1031--PDG961,0,0.0001493692398071289
133,avatars___20230421--1716--ZWR419,0,3.8683414459228516e-05
134,avatars___20230424--1024--VOG927,0,0.0001844167709350586
135,avatars___20230501--1015--PHE887,0,2.3126602172851562e-05
136,avatars___20230502--0816--ORZ494,0,0.009057283401489258
137,avatars___20230502--1030--NOG724,0,5.179643630981445e-05
138,avatars___20230502--1418--RWA092,0,0.00014209747314453125
139,avatars___20230503--1006--HDM935,0,0.013970732688903809
140,avatars___20230503--1400--JUP632,0,0.008482575416564941
141,avatars___20230508--0828--XIK500,0,0.00023281574249267578
142,avatars___20230508--1015--XGD109,0,0.001221299171447754
143,avatars___20230511--0810--DUA525,0,0.0008109807968139648
144,avatars___20230512--1009--ZEL435,0,0.0014751553535461426
145,avatars___20230515--0817--JUP244,0,8.022785186767578e-05
146,avatars___20230515--1236--UII082,0,6.288290023803711e-05
147,avatars___20230516--0802--KOH994,0,9.238719940185547e-06
148,avatars___20230516--1240--UQD073,0,0.005933880805969238
149,avatars___20230517--1211--QZP994,0,0.0012871623039245605
150,avatars___20230518--1009--RFZ285,0,2.5987625122070312e-05
151,avatars___20230525--1403--IHO061,0,2.7835369110107422e-05
152,avatars___20230526--1657--TLD140,0,0.0003241300582885742
153,avatars___20230530--1417--RKG241,0,0.0020766258239746094
154,avatars___20230531--1207--KTI779,0,0.0011809468269348145
155,avatars___20230601--1051--NEB896,0,0.0007154345512390137
156,avatars___20230601--1208--UJD603,0,5.054473876953125e-05
157,avatars___20230601--1428--FJC651,0,0.0003540515899658203
158,avatars___20230602--0800--TOU998,0,0.007225453853607178
159,avatars___20230602--1453--FMB793,0,0.0046422481536865234
160,avatars___20230605--1354--JJA915,0,0.00022274255752563477
161,avatars___20230607--0809--PZC599,0,0.0008981227874755859
162,avatars___20230607--1409--HVO722,0,0.01753997802734375
163,avatars___20230607--1652--ZUE409,0,0.0003693699836730957
164,avatars___20230608--1009--YIK625,0,0.0044738054275512695
165,avatars___20230608--1209--EPY965,0,0.00017952919006347656
166,avatars___20230609--0959--LXC339,0,0.00026029348373413086
167,avatars___20230612--1211--JFS610,0,0.00043004751205444336
168,avatars___20230615--0808--WXT125,0,0.006932556629180908
169,avatars___20230615--1702--DAT749,0,0.0031301379203796387
170,avatars___20230627--1045--UMJ550,0,0.01712089776992798
171,avatars___20230627--1701--SIQ409,0,0.001212000846862793
172,avatars___20230628--1405--IJB027,0,0.00011998414993286133
173,avatars___20230629--1004--QBN395,0,0.00014460086822509766
174,avatars___20230629--1159--APP152,0,0.05116474628448486
175,avatars___20230630--1424--RSY180,0,0.00013399124145507812
176,avatars___20230630--1651--HTL154,0,0.00038927793502807617
177,avatars___20230703--0826--ZWG600,0,0.001094043254852295
178,avatars___20230705--1657--HBT289,0,4.2319297790527344e-05
179,avatars___20230706--1016--CVR434,0,0.0075511932373046875
180,avatars___20230707--0817--KIX259,0,0.003863394260406494
181,avatars___20230707--1200--MQL211,0,0.5079039037227631
182,avatars___20230710--0814--WWY595,0,0.3961144685745239
183,avatars___20230717--0836--PSV686,0,0.002901315689086914
184,avatars___20230717--1225--QNG975,0,0.00027948617935180664
185,avatars___20230718--1021--UYF211,0,0.0005961060523986816
186,avatars___20230718--1434--YYA788,0,0.007018744945526123
187,avatars___20230719--1655--MVB233,0,0.0003039836883544922
188,avatars___20230720--1025--CTP175,0,0.0005480647087097168
189,avatars___20230720--1415--MJX355,0,0.0011491775512695312
190,avatars___20230721--1207--WOZ406,0,0.0031708478927612305
191,avatars___20230724--0814--IIQ590,0,1.7404556274414062e-05
192,avatars___20230725--1218--KXI621,0,0.0022385120391845703
193,avatars___20230725--1407--OWI326,0,0.020039141178131104
194,avatars___20230726--0805--GZU008,0,0.3645660877227783
195,avatars___20230726--1016--RLB874,0,0.0002421736717224121
196,avatars___20230726--1657--AYE877,0,1.1086463928222656e-05
197,avatars___20230727--1211--RSJ093,0,0.42047399282455444
198,avatars___20230728--0757--CRV122,0,0.001183927059173584
199,avatars___20230728--1002--EXA831,0,0.00018161535263061523
200,avatars___20230728--1203--FGK870,0,0.00021409988403320312
201,avatars___20230728--1206--SVG441,0,0.3110206127166748
202,avatars___20230728--1401--FPK790,0,0.00032597780227661133
203,avatars___20230801--1420--EJG940,0,0.0003936886787414551
204,avatars___20230802--1003--KAP399,0,0.0006430149078369141
205,avatars___20230802--1205--LPB114,0,0.0038330554962158203
206,avatars___20230804--1159--MZW030,0,8.058547973632812e-05
207,avatars___20230804--1714--URP626,0,0.03976958990097046
208,avatars___20230807--0839--TCE049,0,0.0061691999435424805
209,avatars___20230807--1011--TWH159,0,0.0010252594947814941
210,avatars___20230808--0759--YLC760,0,0.6452586948871613
211,avatars___20230808--1157--YJF815,0,0.0005616545677185059
212,avatars___20230808--1656--QFA788,0,0.0008930563926696777
213,avatars___20230809--0814--LWN501,0,0.36520594358444214
214,avatars___20230809--1645--ITH925,0,0.06930601596832275
215,avatars___20230810--0812--OXS375,0,0.0005948543548583984
216,avatars___20230810--0819--LNL587,0,0.18682491779327393
217,avatars___20230810--1201--NDZ630,0,0.0008258223533630371
218,avatars___20230810--1355--AJR151,0,0.002397477626800537
219,avatars___20230810--1630--ANX726,0,0.004485666751861572
220,avatars___20230811--1202--QWY097,0,0.00025600194931030273
221,avatars___20230811--1636--XUD838,0,0.00014495849609375
222,avatars___20230814--0822--GJL377,0,0.6154628098011017
223,avatars___20230814--0822--GTA798,0,2.3186206817626953e-05
224,avatars___20230814--1700--LVD531,0,0.0014031529426574707
225,avatars___20230815--0816--HWN858,0,0.00020891427993774414
226,avatars___20230815--1401--PWG860,0,0.05809420347213745
227,avatars___20230816--0807--TYX812,0,0.43433481454849243
228,avatars___20230816--1219--EPP420,0,0.00011539459228515625
229,avatars___20230817--0805--PDX936,0,0.5291203856468201
230,avatars___20230817--1136--DZS003,0,0.08430302143096924
231,avatars___20230829--1404--OKX508,0,0.00019413232803344727
232,avatars___20230831--0814--ADL311,0,0.38786250352859497
233,avatars___20230831--1037--UTI042,0,0.5429703593254089
234,avatars___20230901--1429--CPP930,0,0.014402568340301514
235,avatars___20230905--1354--JOX535,0,0.0007811784744262695
236,avatars___20230906--0803--HBM931,0,0.01234579086303711
237,avatars___20230906--1059--QLL112,0,0.059581220149993896
238,avatars___20230908--1549--NCC597,0,0.4197375178337097
239,avatars___20230908--1645--DHA971,0,0.005877077579498291
240,avatars___20230912--1313--NJI020,0,0.5589933395385742
241,avatars___20230914--1035--GBH400,0,0.2970893979072571
242,avatars___20230914--1105--BXQ083,0,0.003825366497039795
243,avatars___20230914--1702--WOZ485,0,9.238719940185547e-06
244,avatars___20230915--0810--EVY126,0,0.40773189067840576
245,avatars___20230915--1145--ZEM686,0,0.02778315544128418
246,avatars___20230915--1648--QVU001,0,0.004855334758758545
247,avatars___20230918--1040--NTA876,0,0.00010198354721069336
248,avatars___20230918--1402--UIQ957,0,0.0014837980270385742
249,avatars___20230919--1056--JEN167,0,0.000910341739654541
250,avatars___20230919--1626--RHU956,0,4.6133995056152344e-05
251,avatars___20230920--1404--INQ807,0,0.0006004571914672852
252,avatars___20230925--0843--MGR740,0,0.0005092620849609375
253,avatars___20230925--1356--PKH444,0,0.0004495978355407715
254,avatars___20230925--1644--KWL586,0,0.002227783203125
