,key,ssim,emotion,age,race,gender,real_emotion,anon_emotion,real_age,anon_age,real_race,anon_race,real_gender,anon_gender
0,avatars___20210810--1306--FXN596,0.9957634022901174,1,0.00022479245092199562,1,1,fear,fear,22.999657997678963,22.999882790129885,white,white,Man,Man
1,avatars___20210817--0900--NRE683,0.8890109439362477,0,23.924287027029543,1,1,angry,neutral,49.99939275382234,26.0751057267928,white,white,Man,Man
2,avatars___20210818--1332--CDR970,0.9827349428276803,0,0.0,1,1,angry,happy,23.0,23.0,white,white,Man,Man
3,avatars___20210819--0903--DOT682,0.8654739740427007,0,0.011125710765096386,1,1,happy,neutral,29.011125710782125,29.000000000017028,black,black,Man,Man
4,avatars___20210827--0906--KDA058,0.9049464336257477,0,1.9171689302766026e-07,1,1,sad,happy,23.000000191716893,23.0,white,white,Man,Man
5,avatars___20210831--0815--XJT672,0.9193437365217405,1,0.01797368024563184,0,1,sad,sad,22.99996468071913,22.9819910004735,asian,white,Woman,Woman
6,avatars___20210901--0833--LAS440,0.865611054049545,0,0.0026332034030964735,1,1,happy,fear,28.999866773723625,29.00249997712672,white,white,Woman,Woman
7,avatars___20210902--0817--IFG774,0.8813287215816689,1,1.1572248414211082,1,1,angry,angry,29.15553277733816,27.99830793591705,white,white,Man,Man
8,avatars___20210922--0839--UHV563,0.9807921305673659,1,7.871921781088531e-09,1,1,happy,happy,23.00000000013299,23.00000000800491,white,white,Man,Man
9,avatars___20210928--0843--PAK800,0.901988411615145,1,1.681378643719519,1,1,sad,sad,55.68138771580979,54.00000907209027,white,white,Man,Man
10,avatars___20210929--0827--MCR809,0.9884379620847689,1,1.6302682404045754e-06,1,1,happy,happy,29.999996480184564,29.999998110452804,white,white,Man,Man
11,avatars___20210929--1334--SKB942,0.9398131356431902,1,9.552414383051655e-06,1,1,angry,angry,53.0005015546244,53.00051110703878,latino hispanic,latino hispanic,Man,Man
12,avatars___20211001--0855--KJJ701,0.9269727947955819,1,0.1594146192073822,1,1,happy,happy,23.0,22.840585380792618,white,white,Man,Man
13,avatars___20211001--1304--XMY093,0.9145478425744973,1,1.510613856225973e-11,1,1,angry,angry,23.0,23.000000000015106,white,white,Man,Man
14,avatars___20211006--0836--EID363,0.9802535407049251,1,2.9325133170227673,1,1,neutral,neutral,29.067477107048035,31.999990424070802,white,white,Man,Man
15,avatars___20220114--0820--JZE802,0.9823162267844848,1,3.6926905977452407e-09,1,1,neutral,neutral,29.0000000000433,29.00000000373599,indian,indian,Man,Man
16,avatars___20220202--0844--THN461,0.9917044261086115,1,0.0,1,1,happy,happy,39.47308444878661,39.47308444878661,black,black,Man,Man
17,avatars___20220214--0846--HOS732,0.961761231221035,0,0.16379053340477512,1,1,happy,neutral,23.0,23.163790533404775,white,white,Man,Man
18,avatars___20220215--0801--ONK705,0.8617182283594486,0,32.0023051446198,1,1,sad,happy,54.00000298253674,21.99769783791695,white,white,Man,Man
19,avatars___20220216--1324--ZSE894,0.8789466874928235,1,6.002255171249232,1,1,happy,happy,29.002211001704524,22.999955830455292,white,white,Man,Man
20,avatars___20220218--0839--XIT043,0.9896744472711768,1,0.0,1,1,happy,happy,32.0,32.0,black,black,Man,Man
21,avatars___20220303--1247--TAY503,0.9370918327691886,1,3.000000009934002,1,1,neutral,neutral,20.0,23.000000009934002,white,white,Woman,Woman
22,avatars___20220304--1320--NNQ107,0.9565228758151451,1,2.887645678129047e-11,1,1,neutral,neutral,29.000000000090527,29.000000000119403,black,black,Man,Man
23,avatars___20220307--1342--RGA575,0.9756571044075719,0,9.454126370656013e-11,1,1,angry,neutral,23.000000000094794,23.000000000000252,black,black,Man,Man
24,avatars___20220310--1128--ZSC414,0.9971691623991971,1,4.1470468872262245e-06,1,1,happy,happy,53.99999482253613,53.99999896958302,white,white,Woman,Woman
25,avatars___20220310--1336--XRZ540,0.9216306055009834,1,5.36456354893744e-07,1,0,neutral,neutral,20.000000536456355,20.0,latino hispanic,latino hispanic,Man,Woman
26,avatars___20220311--1115--NFU480,0.974431821507475,1,1.8307725070526324,1,1,neutral,neutral,19.857691085472887,18.026918578420254,asian,asian,Man,Man
27,avatars___20220314--1116--KMD200,0.9936140091892463,1,3.3942981758627866e-10,1,1,angry,angry,28.000000000397936,28.000000000737366,white,white,Woman,Woman
28,avatars___20220315--0818--HDZ165,0.932416210334616,0,0.0,1,1,angry,fear,20.0,20.0,white,white,Woman,Woman
29,avatars___20220315--1053--FWC239,0.9413090104399058,1,0.24743896955622802,1,1,sad,sad,32.00552516942846,32.25296413898469,white,white,Man,Man
30,avatars___20220401--0841--PHT202,0.9062063256810349,1,2.000016440608757,1,1,neutral,neutral,22.00001647321802,20.000000032609265,white,white,Woman,Woman
31,avatars___20220406--1314--PGO261,0.8749355036639753,0,0.0,1,1,neutral,fear,23.0,23.0,white,white,Woman,Woman
32,avatars___20220407--0816--OYQ923,0.9041240439030396,0,3.857536512441584e-11,0,1,neutral,angry,23.0,23.000000000038575,latino hispanic,indian,Man,Man
33,avatars___20220412--1326--BGR645,0.9573911420889571,1,5.619757104113887e-09,1,1,neutral,neutral,29.000000003482597,29.000000009102354,black,black,Woman,Woman
34,avatars___20220426--1126--SCG995,0.9834370167336313,1,0.0,1,1,neutral,neutral,20.0,20.0,white,white,Woman,Woman
35,avatars___20220510--0837--WFU321,0.9830619436266227,1,0.30863702297210693,1,1,angry,angry,30.093018651008606,29.7843816280365,black,black,Man,Man
36,avatars___20220510--1051--OZZ515,0.9697684329443955,1,2.8050980205307496e-08,1,1,neutral,neutral,23.000000011090346,23.000000039141327,black,black,Man,Man
37,avatars___20220610--0901--TRP396,0.9839849044834401,1,0.0,1,1,neutral,neutral,23.000000000000004,23.000000000000004,latino hispanic,latino hispanic,Woman,Woman
38,avatars___20220614--1135--DNM410,0.9815830475237736,1,1.0248499631160257e-05,1,1,neutral,neutral,29.000000001040725,28.999989752541094,asian,asian,Man,Man
39,avatars___20220627--0812--BPM833,0.8457385683153315,0,1.7466810220412299e-09,1,1,sad,happy,23.00000000174668,23.0,white,white,Man,Man
40,avatars___20220705--1055--JPG686,0.9604815022980496,1,1.9627664563680334,1,1,neutral,neutral,21.962766456368033,20.0,white,white,Man,Man
41,avatars___20220711--1048--UGU718,0.941797580410926,1,3.552713678800501e-15,1,1,neutral,neutral,23.000000000000004,23.0,white,white,Woman,Woman
42,avatars___20220711--1300--BHC106,0.8857869149238871,1,9.0,1,1,neutral,neutral,32.0,23.0,white,white,Man,Man
43,avatars___20220712--1040--JEH262,0.982162641697069,1,1.924521210900636,1,1,neutral,neutral,32.0,30.075478789099364,white,white,Man,Man
44,avatars___20220714--1031--NAB660,0.9961309101520532,1,0.00020665902411565185,1,1,surprise,surprise,29.00002509105252,29.000231750076637,white,white,Woman,Woman
45,avatars___20220726--1314--HNU630,0.9759466908677896,1,1.4826662443567784e-05,1,1,neutral,neutral,20.000014826696948,20.000000000034504,asian,asian,Man,Man
46,avatars___20220727--1059--TMA321,0.8991207955214169,1,0.6086873820112082,1,1,happy,happy,28.001842060961987,27.39315467895078,white,white,Man,Man
47,avatars___20220802--0838--IDD857,0.9332187917761969,1,0.0,1,1,neutral,neutral,29.0,29.0,white,white,Woman,Woman
48,avatars___20220805--1649--NCU289,0.8961694942372586,0,18.168930751955816,1,1,surprise,fear,39.47308444878661,21.30415369683079,white,white,Man,Man
49,avatars___20220808--0809--DPE040,0.9589332605860804,0,3.949196525354637e-10,0,1,happy,sad,23.0,23.00000000039492,latino hispanic,asian,Woman,Woman
50,avatars___20220808--1036--IBX730,0.9382026860085481,0,3.0000003432711857,1,1,sad,neutral,25.000000005828465,21.99999966255728,asian,asian,Man,Man
51,avatars___20220809--1034--BJM420,0.9957532856656205,1,4.759099461182359e-07,1,1,happy,happy,23.000000599133852,23.000000123223906,white,white,Man,Man
52,avatars___20220809--1321--UTC375,0.9326781145691442,1,7.00023839868399,1,1,neutral,neutral,20.999761623166734,28.000000021850724,asian,asian,Woman,Woman
53,avatars___20220811--1704--HAZ933,0.9400232640577358,1,5.207397961726201e-07,1,1,angry,angry,23.000000520965592,23.000000000225796,black,black,Man,Man
54,avatars___20220812--1031--KVG225,0.9472433003697924,1,0.35243862867353926,1,1,happy,happy,23.000000000000018,23.352438628673557,white,white,Man,Man
55,avatars___20220815--0815--GZL442,0.8816740101449375,0,0.0,0,1,fear,neutral,20.0,20.0,white,latino hispanic,Man,Man
56,avatars___20220815--1041--FZC097,0.9856266745625164,1,1.623270406980737e-10,1,1,sad,sad,23.000000000002803,23.00000000016513,white,white,Man,Man
57,avatars___20220815--1307--BMP511,0.9509147722510101,1,0.0,1,1,neutral,neutral,20.0,20.0,white,white,Woman,Woman
58,avatars___20220815--1656--MOP211,0.9486767398789013,0,0.0,1,1,happy,neutral,23.0,23.0,white,white,Man,Man
59,avatars___20220818--1304--VCN655,0.9070751640487229,1,1.1243107209679692e-06,1,1,neutral,neutral,32.00000112431072,32.0,white,white,Man,Man
60,avatars___20220818--1653--SSF476,0.9992373503080019,1,0.0019001020043312167,1,1,neutral,neutral,22.006918366603557,22.005018264599226,white,white,Man,Man
61,avatars___20220819--0803--BUS250,0.9921406707713252,1,1.3882252368060826,1,1,neutral,neutral,26.610224040630527,27.99844927743661,white,white,Woman,Woman
62,avatars___20220819--1313--NYY338,0.9507624137405447,1,0.0,1,1,angry,angry,39.47308444878661,39.47308444878661,white,white,Man,Man
63,avatars___20220824--0804--GTU803,0.9975913086030972,1,4.18172163563213e-09,1,1,neutral,neutral,23.000000004809614,23.000000000627892,asian,asian,Man,Man
64,avatars___20220829--0836--KSA222,0.9627388319683855,1,4.822137817939165e-07,1,1,angry,angry,23.000000568453462,23.00000008623968,white,white,Man,Man
65,avatars___20220830--1711--JZN879,0.9639305751693924,1,0.0,1,0,neutral,neutral,20.0,20.0,white,white,Man,Woman
66,avatars___20220831--0751--CMS162,0.940063398109457,1,2.999999716592015,1,1,neutral,neutral,32.0,29.000000283407985,white,white,Man,Man
67,avatars___20220831--1047--ZUS575,0.9675164383890473,1,1.2682161099064615e-08,0,1,neutral,neutral,29.000000012682182,29.00000000000002,indian,latino hispanic,Woman,Woman
68,avatars___20220901--1305--LNP057,0.9589417970990647,0,1.1585807906219436,1,1,sad,neutral,27.841881885888842,29.000462676510786,white,white,Woman,Woman
69,avatars___20221213--1425--VBY735,0.8688314261242969,1,19.473084448786608,0,0,angry,angry,20.0,39.47308444878661,latino hispanic,indian,Man,Woman
70,avatars___20230106--1047--QCW581,0.9802497849401388,1,1.8897613673224818,1,1,neutral,neutral,24.88977499554219,23.00001362821971,black,black,Man,Man
71,avatars___20230109--1327--NFS933,0.9999255688996733,1,0.002075226977467537,1,1,neutral,neutral,29.002199744805694,29.00427497178316,latino hispanic,latino hispanic,Man,Man
72,avatars___20230124--1415--KKF424,0.9929200281245674,1,0.0,1,1,neutral,neutral,20.0,20.0,white,white,Woman,Woman
73,avatars___20230131--1229--WBX393,0.9879560836483047,1,0.0,1,1,neutral,neutral,20.0,20.0,white,white,Woman,Woman
74,avatars___20230206--1354--MFS340,0.9474063666337742,1,2.1700579111438856e-09,1,1,neutral,neutral,23.000000002170058,23.0,white,white,Man,Man
75,avatars___20230207--1619--DTW301,0.9995964620586407,1,0.0,1,1,happy,happy,20.0,20.0,black,black,Man,Man
76,avatars___20230213--0817--KGV285,0.9346486670274917,1,2.90860668883397e-11,1,1,angry,angry,23.000000000029086,23.0,white,white,Man,Man
77,avatars___20230222--1639--KYL945,0.9892105642166754,1,0.0,1,1,neutral,neutral,29.0,29.0,white,white,Woman,Woman
78,avatars___20230224--1102--UPC002,0.9789948709410281,1,0.0,1,1,sad,sad,32.0,32.0,white,white,Woman,Woman
79,avatars___20230224--1359--CMZ386,0.9612036209320769,1,7.327258018108296e-07,1,1,neutral,neutral,32.0000000155131,32.000000748238904,white,white,Man,Man
80,avatars___20230227--1052--TXE513,0.9520602014146903,1,11.472718180290645,0,1,happy,happy,39.47308444878661,28.000366268495963,latino hispanic,white,Man,Man
81,avatars___20230227--1659--TRT983,0.9894248170854206,1,0.0,1,1,angry,angry,29.0,29.0,white,white,Woman,Woman
82,avatars___20230228--1358--HUJ848,0.896342577046268,1,3.0,1,1,neutral,neutral,20.0,23.0,white,white,Man,Man
83,avatars___20230301--1646--VNS883,0.9719753371012116,0,0.004757661366475929,1,1,happy,sad,29.004757661372437,29.00000000000596,white,white,Man,Man
84,avatars___20230302--0808--SEI058,0.9898259987555258,1,3.410605131648481e-13,1,1,neutral,neutral,23.000000000000533,23.000000000000874,white,white,Man,Man
85,avatars___20230302--1343--UWK768,0.9995800554584768,1,0.0,1,1,surprise,surprise,23.0,23.0,indian,indian,Man,Man
86,avatars___20230302--1654--LVY864,0.9791383711463931,1,17.13370099766229,1,0,happy,happy,22.339383451124316,39.47308444878661,asian,asian,Man,Woman
87,avatars___20230303--0802--EFQ599,0.8745070657643906,1,2.9515875682484207,1,1,neutral,neutral,20.04841243175158,23.0,white,white,Man,Man
88,avatars___20230303--1634--ZKN852,0.9907583007181865,1,2.2122070753323015,1,1,angry,angry,22.99835789939856,20.786150824066258,white,white,Man,Man
89,avatars___20230306--0812--CYQ521,0.9226663861818356,1,0.0,1,1,neutral,neutral,23.0,23.0,white,white,Man,Man
90,avatars___20230306--1402--IXG477,0.9798152379468194,0,0.000423441810202263,1,1,happy,fear,21.000423444263866,21.000000002453664,white,white,Woman,Woman
91,avatars___20230307--0805--FQC133,0.9994749691833789,1,5.431814997791662e-10,1,1,neutral,neutral,32.00000000079828,32.0000000002551,black,black,Woman,Woman
92,avatars___20230307--1648--KUG325,0.9083579968405016,1,3.00000000578925,1,1,neutral,neutral,23.000000059260763,20.000000053471513,white,white,Woman,Woman
93,avatars___20230308--1352--BDF920,0.9714365334370504,0,2.9999690897529945,1,1,happy,neutral,29.000030910247006,32.0,white,white,Man,Man
94,avatars___20230308--1639--IKB041,0.9993128047337706,1,1.69074423344723,1,1,angry,angry,23.05629502614777,24.747039259595,white,white,Man,Man
95,avatars___20230309--0820--CPA784,0.8801281214625656,1,0.0,0,1,happy,happy,23.0,23.0,middle eastern,white,Man,Man
96,avatars___20230309--1343--RIM072,0.7923852156893293,0,3.203383766958723e-05,0,0,sad,fear,28.99996796616233,29.0,asian,white,Man,Woman
97,avatars___20230310--1106--FCT871,0.8987992807812679,0,8.90643022485779,1,1,fear,sad,32.0,23.09356977514221,white,white,Man,Man
98,avatars___20230313--0819--GCZ208,0.9639340348647537,1,0.0,1,1,neutral,neutral,32.0,32.0,white,white,Woman,Woman
99,avatars___20230313--1653--RHL466,0.9492398644949733,1,1.3134427774730284e-05,1,0,neutral,neutral,29.000013134433175,29.0000000000054,latino hispanic,latino hispanic,Man,Woman
100,avatars___20230314--1632--PFN770,0.9217606777919506,1,0.0,1,1,neutral,neutral,23.0,23.0,white,white,Man,Man
101,avatars___20230315--0816--TEA904,0.9698645434095398,1,0.0,1,1,neutral,neutral,53.0,53.0,latino hispanic,latino hispanic,Man,Man
102,avatars___20230315--1638--UIS049,0.9987029440936747,0,0.0,1,1,happy,sad,20.0,20.0,latino hispanic,latino hispanic,Man,Man
103,avatars___20230316--1103--BHK376,0.9718246432505753,1,0.004805234318354223,1,1,fear,fear,23.000000000000032,23.004805234318386,black,black,Man,Man
104,avatars___20230316--1356--GXR876,0.8911919131633086,1,3.0,1,1,neutral,neutral,23.0,20.0,white,white,Woman,Woman
105,avatars___20230317--1054--GBQ558,0.9850650105705837,1,0.0,1,1,sad,sad,23.0,23.0,white,white,Woman,Woman
106,avatars___20230317--1648--ONK818,0.9830060142367479,1,0.0,1,1,neutral,neutral,20.0,20.0,white,white,Woman,Woman
107,avatars___20230320--0810--ZJN985,0.993828946641246,1,10.592890849148933,1,1,happy,happy,39.47308444878661,28.880193599637675,asian,asian,Man,Man
108,avatars___20230322--0820--QHY185,0.9715083536669484,1,0.0,1,1,surprise,surprise,32.0,32.0,white,white,Woman,Woman
109,avatars___20230322--1706--IBQ026,0.9602332194619801,0,1.3132677741537009,1,1,happy,neutral,23.0,24.3132677741537,white,white,Woman,Woman
110,avatars___20230323--1044--HRO745,0.9976011565237877,1,0.00023277211678518483,1,1,happy,happy,27.999989985193487,27.999757213076702,white,white,Woman,Woman
111,avatars___20230323--1348--ZQK191,0.9616973321282115,1,5.275779813018744e-11,1,1,angry,angry,23.0,23.000000000052758,white,white,Man,Man
112,avatars___20230323--1656--MZL038,0.9837599348134836,1,5.737820418261208e-05,1,1,neutral,neutral,22.000003077287253,21.99994569908307,white,white,Man,Man
113,avatars___20230324--0820--AEY864,0.8814987214479701,1,0.15893756942111636,0,1,happy,happy,27.012350384432548,27.171287953853664,latino hispanic,white,Man,Man
114,avatars___20230324--1118--ZZS850,0.9986348602698036,1,0.0,1,1,neutral,neutral,23.0,23.0,asian,asian,Man,Man
115,avatars___20230324--1647--YWZ007,0.9654948029565,1,0.0,1,0,happy,happy,20.0,20.0,white,white,Man,Woman
116,avatars___20230327--1036--RSC756,0.9247940535557803,1,2.0075130576619706,0,1,happy,happy,22.00751305766197,20.0,indian,latino hispanic,Man,Man
117,avatars___20230328--0800--BLY735,0.8584711779225065,1,1.7763568394002505e-14,1,1,neutral,neutral,23.000000000000018,23.0,white,white,Man,Man
118,avatars___20230328--1214--IEY203,0.9997296623845577,1,1.6726116882637143e-06,1,1,neutral,neutral,29.000019782906747,29.00001811029506,asian,asian,Woman,Woman
119,avatars___20230330--0823--LMT312,0.9987335991505636,1,4.927926511300029e-09,1,1,neutral,neutral,29.000000013804243,29.000000008876317,white,white,Man,Man
120,avatars___20230330--1421--UCD539,0.9577661617631962,1,0.0,0,1,angry,angry,20.0,20.0,latino hispanic,black,Woman,Woman
121,avatars___20230403--1022--RWS274,0.9313132855692745,0,0.019034244120121002,1,1,neutral,angry,23.0,22.98096575587988,white,white,Man,Man
122,avatars___20230404--0804--GJI283,0.8433692062679694,1,3.0,1,1,neutral,neutral,23.0,20.0,white,white,Man,Man
123,avatars___20230404--1217--DED409,0.8965745573482429,0,0.0,1,1,neutral,fear,32.0,32.0,white,white,Woman,Woman
124,avatars___20230405--1213--NWM763,0.9677216589427043,1,8.321628541807513e-08,1,1,happy,happy,23.000000083219867,23.00000000000358,indian,indian,Man,Man
125,avatars___20230405--1635--AAN112,0.9731966687920988,1,0.0,1,1,fear,fear,20.0,20.0,latino hispanic,latino hispanic,Man,Man
126,avatars___20230406--1655--IEM175,0.9894171265430778,1,1.538259499187074,1,1,fear,fear,24.53825952208331,23.000000022896238,white,white,Man,Man
127,avatars___20230407--1229--UMQ592,0.9967946058538325,1,0.0,1,1,angry,angry,32.0,32.0,black,black,Man,Man
128,avatars___20230410--0805--TWP078,0.9932237582303102,1,4.944906208947941e-07,1,1,happy,happy,29.00000049449062,29.0,middle eastern,middle eastern,Man,Man
129,avatars___20230410--1017--GVM433,0.9906936114459555,1,0.0005931113874666494,1,1,angry,angry,54.00059268045011,53.999999569062645,white,white,Woman,Woman
130,avatars___20230410--1641--ENU192,0.9361684085092844,1,0.0,1,1,happy,happy,32.0,32.0,white,white,Man,Man
131,avatars___20230412--1218--LCJ763,0.9980701116036034,1,0.0,1,1,angry,angry,23.0,23.0,white,white,Man,Man
132,avatars___20230413--1031--PDG961,0.9979751567882909,1,0.0,1,1,sad,sad,32.0,32.0,white,white,Woman,Woman
133,avatars___20230421--1716--ZWR419,0.9981741112029,1,9.269740530726267e-11,1,1,happy,happy,32.00000000010181,32.00000000000911,latino hispanic,latino hispanic,Woman,Woman
134,avatars___20230424--1024--VOG927,0.992279396995402,1,4.715872137239785e-11,1,1,surprise,surprise,23.0,23.00000000004716,black,black,Man,Man
135,avatars___20230501--1015--PHE887,0.999218272833174,1,1.902830959465973e-08,1,1,fear,fear,23.000000256759872,23.00000027578818,white,white,Woman,Woman
136,avatars___20230502--0816--ORZ494,0.9822980223983687,1,6.681209185899206e-07,1,1,neutral,neutral,28.999999331915674,29.000000000036593,asian,asian,Woman,Woman
137,avatars___20230502--1030--NOG724,0.994479063308849,1,0.0,0,1,neutral,neutral,20.0,20.0,latino hispanic,black,Man,Man
138,avatars___20230502--1418--RWA092,0.998341619093291,1,0.0,1,1,happy,happy,23.0,23.0,white,white,Man,Man
139,avatars___20230503--1006--HDM935,0.973402326769363,1,4.37912349642988,1,1,surprise,surprise,24.620859234575732,28.999982731005613,white,white,Man,Man
140,avatars___20230503--1400--JUP632,0.9818578637441132,1,3.795949211812644,1,1,neutral,neutral,23.283220822592405,27.07917003440505,asian,asian,Man,Man
141,avatars___20230508--0828--XIK500,0.9747530165542656,0,0.0,1,1,sad,neutral,20.0,20.0,white,white,Woman,Woman
142,avatars___20230508--1015--XGD109,0.8977947657020732,0,5.0045308624423335,1,0,happy,neutral,28.004530862442333,23.0,white,white,Man,Woman
143,avatars___20230511--0810--DUA525,0.985663739918989,1,4.998042518223976,1,1,neutral,neutral,20.00001420513818,24.998056723362154,asian,asian,Man,Man
144,avatars___20230512--1009--ZEL435,0.9974396765368789,1,0.33963733910333715,1,1,sad,sad,28.65775829553936,28.318120956436022,asian,asian,Man,Man
145,avatars___20230515--0817--JUP244,0.9476959563346243,0,0.0002229077925051115,1,1,neutral,happy,26.000161431408607,25.999938523616102,white,white,Man,Man
146,avatars___20230515--1236--UII082,0.9964801130199145,1,0.0,1,1,happy,happy,39.47308444878661,39.47308444878661,white,white,Man,Man
147,avatars___20230516--0802--KOH994,0.999213568785218,1,0.0,1,1,angry,angry,20.0,20.0,white,white,Woman,Woman
148,avatars___20230516--1240--UQD073,0.8491537609422777,1,6.0000004759247965,0,1,neutral,neutral,23.0,29.000000475924796,white,asian,Woman,Woman
149,avatars___20230517--1211--QZP994,0.9670019377903353,0,0.0,1,1,fear,sad,23.0,23.0,white,white,Man,Man
150,avatars___20230518--1009--RFZ285,0.9981487999178807,1,0.0,1,1,neutral,neutral,32.0,32.0,indian,indian,Man,Man
151,avatars___20230525--1403--IHO061,0.9758112588819294,1,3.693471661847525e-07,1,1,neutral,neutral,29.000000369347504,29.000000000000338,white,white,Woman,Woman
152,avatars___20230526--1657--TLD140,0.9572921970598767,0,0.0,1,1,happy,neutral,20.0,20.0,latino hispanic,latino hispanic,Woman,Woman
153,avatars___20230530--1417--RKG241,0.9937024219301551,1,0.0,1,1,happy,happy,32.0,32.0,white,white,Woman,Woman
154,avatars___20230531--1207--KTI779,0.9908587924164242,0,3.986144747614162e-12,1,1,fear,sad,29.000000000009724,29.000000000005738,white,white,Woman,Woman
155,avatars___20230601--1051--NEB896,0.9971615518746044,1,0.20717739889104436,1,1,sad,sad,27.05847149350982,27.265648892400865,asian,asian,Man,Man
156,avatars___20230601--1208--UJD603,0.9928921600952534,1,0.0,1,1,angry,angry,20.0,20.0,latino hispanic,latino hispanic,Man,Man
157,avatars___20230601--1428--FJC651,0.903533572838877,1,5.917515354674062,0,1,sad,sad,28.91751535724671,23.000000002572648,asian,white,Woman,Woman
158,avatars___20230602--0800--TOU998,0.9816117724364443,1,5.033059835568565e-08,1,1,angry,angry,23.00000005033388,23.000000000003283,white,white,Man,Man
159,avatars___20230602--1453--FMB793,0.9806554241540142,1,0.004259267414454371,1,1,neutral,neutral,28.99572133764741,28.999980605061864,asian,asian,Man,Man
160,avatars___20230605--1354--JJA915,0.9950770581302815,1,0.30388955385619454,1,1,happy,happy,22.630494574262485,22.32660502040629,white,white,Man,Man
161,avatars___20230607--0809--PZC599,0.9611208213171768,1,0.0,1,1,happy,happy,32.0,32.0,white,white,Man,Man
162,avatars___20230607--1409--HVO722,0.9187139416935983,1,12.000000443256127,1,1,neutral,neutral,32.00000044325613,20.0,white,white,Man,Man
163,avatars___20230607--1652--ZUE409,0.999554334624817,1,0.0,1,1,happy,happy,23.0,23.0,white,white,Man,Man
164,avatars___20230608--1009--YIK625,0.8747238987558464,0,2.9999999982736867,1,1,sad,neutral,29.000000001726313,32.0,asian,asian,Woman,Woman
165,avatars___20230608--1209--EPY965,0.9767885756418885,1,3.552713678800501e-15,1,1,happy,happy,28.0,28.000000000000004,white,white,Man,Man
166,avatars___20230609--0959--LXC339,0.9800315099647766,1,0.0,1,1,sad,sad,20.0,20.0,white,white,Woman,Woman
167,avatars___20230612--1211--JFS610,0.9895288347330122,1,0.0,1,1,fear,fear,20.0,20.0,white,white,Woman,Woman
168,avatars___20230615--0808--WXT125,0.9106198292311429,0,0.9752704108197321,1,1,angry,neutral,23.000000000180012,23.975270410999745,white,white,Woman,Woman
169,avatars___20230615--1702--DAT749,0.9978558581557646,1,0.0,1,1,neutral,neutral,23.0,23.0,white,white,Man,Man
170,avatars___20230627--1045--UMJ550,0.9328277695486606,0,16.61949981297444,1,1,angry,surprise,22.853583806108674,39.47308361908311,white,white,Man,Man
171,avatars___20230627--1701--SIQ409,0.9705103100975031,0,0.0,1,1,happy,surprise,23.0,23.0,white,white,Man,Man
172,avatars___20230628--1405--IJB027,0.9656373851663865,1,0.00011119787134106218,1,1,neutral,neutral,21.999830486171152,21.999941684042494,white,white,Man,Man
173,avatars___20230629--1004--QBN395,0.9975954583319918,1,2.019738655789638e-05,1,1,neutral,neutral,28.999986731684373,28.999966534297815,white,white,Woman,Woman
174,avatars___20230629--1159--APP152,0.9414595815870858,1,0.05644565663551049,1,1,happy,happy,27.956116011944644,28.012561668580155,white,white,Man,Man
175,avatars___20230630--1424--RSY180,0.9976456751556814,1,0.0,1,1,neutral,neutral,23.0,23.0,asian,asian,Man,Man
176,avatars___20230630--1651--HTL154,0.9726531491294447,0,0.0,1,0,surprise,neutral,32.0,32.0,black,black,Woman,Man
177,avatars___20230703--0826--ZWG600,0.9817752038222,1,0.48637295295504046,1,1,sad,sad,20.486374038434523,20.000001085479482,asian,asian,Man,Man
178,avatars___20230705--1657--HBT289,0.9997988954177985,1,3.443844889261527e-07,1,1,neutral,neutral,31.999994159486278,31.99999381510179,white,white,Woman,Woman
179,avatars___20230706--1016--CVR434,0.9862049831965073,1,4.000000595643861,1,1,happy,happy,32.00000069373815,28.00000009809429,white,white,Woman,Woman
180,avatars___20230707--0817--KIX259,0.9378738804052026,1,0.18321081503837533,1,1,neutral,neutral,29.00000068154054,28.816789866502166,asian,asian,Woman,Woman
181,avatars___20230707--1200--MQL211,0.9061173356521666,0,1.000199242243248,1,1,angry,happy,21.000199242243248,20.0,white,white,Man,Man
182,avatars___20230710--0814--WWY595,0.9195362904971978,0,3.0014716546880713,1,0,happy,angry,24.998528371265134,28.000000025953206,white,white,Man,Woman
183,avatars___20230717--0836--PSV686,0.9545097488060953,0,0.037291673416874005,1,1,angry,fear,28.942283679397676,28.97957535281455,black,black,Man,Man
184,avatars___20230717--1225--QNG975,0.9977294669630274,1,3.213925126033246e-07,1,1,neutral,neutral,32.00000005473082,32.00000037612333,white,white,Man,Man
185,avatars___20230718--1021--UYF211,0.9689190835312083,1,2.732482005504938,1,0,neutral,neutral,29.26751799748553,32.00000000299047,white,white,Man,Woman
186,avatars___20230718--1434--YYA788,0.9199680250653698,1,2.9626860094111862e-05,1,1,neutral,neutral,29.00002963253916,29.000000005679066,black,black,Man,Man
187,avatars___20230719--1655--MVB233,0.9009998121929943,1,0.413901265646345,0,1,neutral,neutral,22.000272426818483,22.41417369246483,latino hispanic,white,Woman,Woman
188,avatars___20230720--1025--CTP175,0.9119899677621303,1,5.0328933621557326e-05,1,1,sad,sad,28.00005032896303,28.00000000002941,white,white,Woman,Woman
189,avatars___20230720--1415--MJX355,0.944913691265018,1,3.999999999970644,1,1,happy,happy,32.0,28.000000000029356,asian,asian,Man,Man
190,avatars___20230721--1207--WOZ406,0.996128634092688,1,0.0,1,1,sad,sad,29.0,29.0,white,white,Woman,Woman
191,avatars___20230724--0814--IIQ590,0.9999845065261415,1,1.2117549903933877e-05,1,1,sad,sad,23.000017058241628,23.000029175791532,white,white,Man,Man
192,avatars___20230725--1218--KXI621,0.9948252858225517,1,0.6667287835269633,1,1,happy,happy,33.00000043598706,32.3332716524601,white,white,Man,Man
193,avatars___20230725--1407--OWI326,0.9816566995542724,1,0.0,1,1,neutral,neutral,32.0,32.0,latino hispanic,latino hispanic,Man,Man
194,avatars___20230726--0805--GZU008,0.9005649826514304,0,8.999997295921709,0,1,neutral,angry,31.999997295921958,23.00000000000025,asian,white,Man,Man
195,avatars___20230726--1016--RLB874,0.9929342139606371,1,0.009507799828664787,1,1,neutral,neutral,29.00009437322874,29.009602173057406,white,white,Woman,Woman
196,avatars___20230726--1657--AYE877,0.9986470755434323,1,0.14670002895160295,1,1,disgust,disgust,21.485228275816823,21.631928304768426,white,white,Man,Man
197,avatars___20230727--1211--RSJ093,0.934277250415333,0,0.0,0,1,happy,neutral,32.0,32.0,asian,latino hispanic,Woman,Woman
198,avatars___20230728--0757--CRV122,0.9754167983326684,0,8.836096299091878e-10,1,1,neutral,angry,28.000000000886413,28.000000000002803,white,white,Man,Man
199,avatars___20230728--1002--EXA831,0.9996557819375055,1,8.817195862320659e-10,1,1,happy,happy,29.00000000012882,29.00000000101054,white,white,Man,Man
200,avatars___20230728--1203--FGK870,0.9186457687176295,1,0.0,1,1,neutral,neutral,23.0,23.0,white,white,Man,Man
201,avatars___20230728--1206--SVG441,0.8755206651197038,1,1.835623149051461,0,1,angry,angry,21.83562545295801,20.000002303906548,black,white,Man,Man
202,avatars___20230728--1401--FPK790,0.8735263986492794,1,1.7619204223155975,1,1,sad,sad,30.761920422315598,29.0,white,white,Woman,Woman
203,avatars___20230801--1420--EJG940,0.9823962836028013,1,0.0,1,1,neutral,neutral,23.0,23.0,white,white,Man,Man
204,avatars___20230802--1003--KAP399,0.9485611868324044,1,0.0,0,1,happy,happy,23.0,23.0,middle eastern,white,Man,Man
205,avatars___20230802--1205--LPB114,0.9778309034757025,1,0.006446105837266458,1,1,neutral,neutral,20.05525751968291,20.048811413845645,white,white,Man,Man
206,avatars___20230804--1159--MZW030,0.9996862775611112,1,0.02496794519735701,1,1,angry,angry,20.97086867107196,20.995836616269315,white,white,Man,Man
207,avatars___20230804--1714--URP626,0.8696476356266337,0,1.0999817848205566,1,1,sad,surprise,30.900018215179443,32.0,white,white,Man,Man
208,avatars___20230807--0839--TCE049,0.9699389261564936,1,0.8226028945167876,1,0,fear,fear,28.177397161746747,29.000000056263534,white,white,Man,Woman
209,avatars___20230807--1011--TWH159,0.9838919725659364,0,0.07467616583058856,1,1,happy,fear,22.023982601589378,21.94930643575879,white,white,Man,Man
210,avatars___20230808--0759--YLC760,0.9142315915461724,0,5.012294629036571,0,1,neutral,fear,28.000005282821306,22.987710653784735,white,latino hispanic,Woman,Woman
211,avatars___20230808--1157--YJF815,0.9855786509166009,1,0.007802202784848333,1,1,sad,sad,19.007995327955328,19.015797530740176,middle eastern,middle eastern,Man,Man
212,avatars___20230808--1656--QFA788,0.9157418622901693,1,5.000000000136659,1,1,angry,angry,28.00000000013666,23.0,white,white,Man,Man
213,avatars___20230809--0814--LWN501,0.9627484887960892,1,5.250823065239274e-08,1,1,neutral,neutral,23.000000021009004,23.000000073517235,middle eastern,middle eastern,Man,Man
214,avatars___20230809--1645--ITH925,0.8952049027178071,1,0.0,1,1,happy,happy,23.0,23.0,white,white,Man,Man
215,avatars___20230810--0812--OXS375,0.9901299490922356,1,4.9988463977158375,1,1,sad,sad,23.00112498566115,27.999971383376987,white,white,Woman,Woman
216,avatars___20230810--0819--LNL587,0.8738401094853658,0,5.991164966261838,1,1,surprise,happy,22.99780983288404,28.98897479914588,white,white,Man,Man
217,avatars___20230810--1201--NDZ630,0.9420959290183104,1,0.0001273177020948424,1,1,happy,happy,32.000000170077215,31.99987285237512,white,white,Man,Man
218,avatars___20230810--1355--AJR151,0.9453255919495169,1,1.645368286062876e-10,1,1,neutral,neutral,29.00000000019653,29.000000000031992,white,white,Man,Man
219,avatars___20230810--1630--ANX726,0.9614454411929747,1,3.2581937148279394e-11,1,1,neutral,neutral,23.00000000000068,23.00000000003326,asian,asian,Man,Man
220,avatars___20230811--1202--QWY097,0.9549689313389746,0,4.973799150320701e-12,0,1,sad,neutral,23.0,23.000000000004974,middle eastern,white,Man,Man
221,avatars___20230811--1636--XUD838,0.9997952098765607,1,0.0003037841183406442,1,1,neutral,neutral,28.993655035955022,28.993958820073363,white,white,Man,Man
222,avatars___20230814--0822--GJL377,0.8671325742312327,1,2.9999972388011322,1,1,happy,happy,22.999997239017375,20.000000000216243,white,white,Man,Man
223,avatars___20230814--0822--GTA798,0.999932323758106,1,0.0013499744236469269,1,1,angry,angry,22.031467027962208,22.032817002385855,white,white,Man,Man
224,avatars___20230814--1700--LVD531,0.9543702400719473,1,0.01651452349097937,1,1,happy,happy,29.024159477115344,29.040674000606323,latino hispanic,latino hispanic,Man,Man
225,avatars___20230815--0816--HWN858,0.9996770753879328,1,0.0,1,1,fear,fear,54.0,54.0,latino hispanic,latino hispanic,Man,Man
226,avatars___20230815--1401--PWG860,0.9057385719314887,1,3.016201182646153,1,1,neutral,neutral,29.000000026891183,25.98379884424503,white,white,Man,Man
227,avatars___20230816--0807--TYX812,0.8776254069396587,1,5.999940993590322,0,1,fear,fear,28.99994507934291,23.00000408575259,latino hispanic,white,Woman,Woman
228,avatars___20230816--1219--EPP420,0.947355188694999,1,0.0,1,1,happy,happy,23.0,23.0,white,white,Man,Man
229,avatars___20230817--0805--PDX936,0.9246631862985016,0,3.0,1,1,angry,happy,32.0,29.0,white,white,Woman,Woman
230,avatars___20230817--1136--DZS003,0.8827066177173866,1,6.0239957083845255,1,1,neutral,neutral,23.001238546431086,29.02523425481561,white,white,Man,Man
231,avatars___20230829--1404--OKX508,0.9904354309897894,1,0.3263601897060795,1,1,happy,happy,22.163476436143203,22.489836625849282,asian,asian,Man,Man
232,avatars___20230831--0814--ADL311,0.8794456510625276,1,4.3494097212715133e-10,1,0,happy,happy,23.0,23.00000000043494,white,white,Woman,Man
233,avatars___20230831--1037--UTI042,0.907212433716713,1,0.9995114177993045,1,1,neutral,neutral,20.999511417799305,20.0,latino hispanic,latino hispanic,Woman,Woman
234,avatars___20230901--1429--CPP930,0.9617119438906393,1,1.0051195580113514,1,0,neutral,neutral,23.00000031500031,21.99488075698896,asian,asian,Man,Woman
235,avatars___20230905--1354--JOX535,0.9990521643641059,1,0.008489734537306504,1,1,neutral,neutral,21.986132950152296,21.97764321561499,white,white,Man,Man
236,avatars___20230906--0803--HBM931,0.9521662013489663,1,0.0,1,1,neutral,neutral,20.0,20.0,white,white,Man,Man
237,avatars___20230906--1059--QLL112,0.9813374617810797,1,0.0,1,1,angry,angry,20.0,20.0,white,white,Man,Man
238,avatars___20230908--1549--NCC597,0.9272639699446981,1,3.0009120938890597,0,1,neutral,neutral,28.0009153897361,25.00000329584704,indian,white,Man,Man
239,avatars___20230908--1645--DHA971,0.9984156511253823,1,0.0,1,1,neutral,neutral,23.0,23.0,white,white,Man,Man
240,avatars___20230912--1313--NJI020,0.902194481472496,0,6.306201123607025e-05,0,0,angry,neutral,21.999937313115446,22.00000037512668,asian,white,Man,Woman
241,avatars___20230914--1035--GBH400,0.8958148612165918,1,0.0,0,1,neutral,neutral,20.0,20.0,white,latino hispanic,Woman,Woman
242,avatars___20230914--1105--BXQ083,0.9693022531733231,1,0.23473112853415756,0,1,happy,happy,22.023869762106642,22.2586008906408,latino hispanic,black,Man,Man
243,avatars___20230914--1702--WOZ485,0.9998172543948126,1,1.241371450078077e-08,1,1,neutral,neutral,32.000000095675595,32.00000008326188,white,white,Man,Man
244,avatars___20230915--0810--EVY126,0.8856783110572969,0,9.000000000000782,1,1,neutral,angry,23.0,32.00000000000078,white,white,Man,Man
245,avatars___20230915--1145--ZEM686,0.9257609581624041,1,0.27810722555935286,1,1,neutral,neutral,23.000000000000004,23.278107225559356,white,white,Man,Man
246,avatars___20230915--1648--QVU001,0.9548999104300575,0,1.2079226507921703e-13,1,1,fear,angry,23.00000000000013,23.00000000000001,black,black,Man,Man
247,avatars___20230918--1040--NTA876,0.9796929624601558,1,0.0,1,1,neutral,neutral,20.0,20.0,latino hispanic,latino hispanic,Man,Man
248,avatars___20230918--1402--UIQ957,0.9966293133745138,1,7.22519361424645e-05,1,1,neutral,neutral,22.99989787650118,22.999970128437322,asian,asian,Man,Man
249,avatars___20230919--1056--JEN167,0.9970257424570277,1,0.21545218833216495,1,1,neutral,neutral,20.21547994017601,20.000027751843845,latino hispanic,latino hispanic,Man,Man
250,avatars___20230919--1626--RHU956,0.9970706285934696,1,0.0,1,1,neutral,neutral,20.0,20.0,latino hispanic,latino hispanic,Man,Man
251,avatars___20230920--1404--INQ807,0.9979530980221809,1,0.0005643838085234165,1,1,surprise,surprise,27.000832301331684,27.00026791752316,asian,asian,Man,Man
252,avatars___20230925--0843--MGR740,0.9873848749242489,1,5.68077617302265e-06,1,1,neutral,neutral,23.00003189910202,23.000026218325846,white,white,Man,Man
253,avatars___20230925--1356--PKH444,0.9075651899587972,1,3.0,1,1,neutral,neutral,23.0,20.0,white,white,Man,Man
254,avatars___20230925--1644--KWL586,0.9075829233045419,1,0.0,1,1,neutral,neutral,23.0,23.0,white,white,Man,Man
255,avatars___20231003--1715--LGV914,0.9909470094044229,1,0.005193072112234631,1,1,happy,happy,53.00582108878993,53.000628016677695,latino hispanic,latino hispanic,Man,Man
